id	post_source_domain	thread_id	parent_id	body	filename	timestamp	author	author_fullname	author_avatar_url	type	url	image_url	media_url	hashtags	num_likes	num_comments	num_media	location_name	location_latlong	location_city	unix_timestamp	brand	ig_handle	product	category	
C8GP0XaAQ6G	https://www.instagram.com/sarah_wildmothering/	C8GP0XaAQ6G	C8GP0XaAQ6G	"Comment LINK for details __
 

 I reach for this kit weekly to support my family and I. It has been such a wonderful edition to our home. I started learning about homeopathy when my first was a few months old and was so excited when I discovered a kit that could be shipped straight to my door with all the knowledge and remedies I need to have on hand 
 

 Kit includes
 

 RMDY Homeopathic First Aid Kit x 30 remedies 
 - 24 of the most commonly prescribed Fibonacci Homochord remedies, plus 6 of the new signature blends which are a combination of different potencies
 - Neutral toned RMDY carry case, gold zipper
 - Reference booklet"	433807999_960639345677055_2632127253787031057_n.jpg	2024-06-12 3:46:28	sarah_wildmothering	Sarah __	https://instagram.fgrq1-2.fna.fbcdn.net/v/t51.2885-19/450644137_2128947297462148_6947823359832876497_n.jpg?stp=dst-jpg_s150x150&_nc_ht=instagram.fgrq1-2.fna.fbcdn.net&_nc_cat=104&_nc_ohc=l_TVvoJQtaEQ7kNvgG0D5R6&gid=6cccd14d89564699b2277e3f49a43560&edm=AFg4Q8wBAAAA&ccb=7-5&oh=00_AYCsBIbNcMY1dk5nwWAPYe2-J0pDsnY8mrqaMKyv8BPEMw&oe=66AFEE83&_nc_sid=0b30b7	video	https://www.instagram.com/p/C8GP0XaAQ6G	https://instagram.fgrq1-1.fna.fbcdn.net/v/t51.29350-15/448224031_795788455985537_2125684952103868442_n.jpg?stp=dst-jpg_e15&efg=eyJ2ZW5jb2RlX3RhZyI6ImltYWdlX3VybGdlbi41NzZ4MTAyMS5zZHIuZjI5MzUwIn0&_nc_ht=instagram.fgrq1-1.fna.fbcdn.net&_nc_cat=105&_nc_ohc=hMJSTfwsEQMQ7kNvgGKn37z&gid=6cccd14d89564699b2277e3f49a43560&edm=AFg4Q8wBAAAA&ccb=7-5&ig_cache_key=MzM4ODQ2NTMzODg4NTY3MjU4Mg%3D%3D.2-ccb7-5&oh=00_AYAHD3VlyQyx_QSSxKraauaUXCr4DkUyvTk4BPAu01pdqw&oe=66B00A79&_nc_sid=0b30b7	https://scontent.cdninstagram.com/o1/v/t16/f1/m82/1E4DBB8AE29CE2754803BD115E990686_video_dashinit.mp4?efg=eyJ2ZW5jb2RlX3RhZyI6Inhwdl9wcm9ncmVzc2l2ZS5JTlNUQUdSQU0uQ0xJUFMuQzMuNzIwLmRhc2hfYmFzZWxpbmVfMV92MSJ9&_nc_ht=scontent.cdninstagram.com&_nc_cat=106&vs=ef4f653917afec90&_nc_vs=HBksFQIYT2lnX3hwdl9yZWVsc19wZXJtYW5lbnRfcHJvZC8xRTREQkI4QUUyOUNFMjc1NDgwM0JEMTE1RTk5MDY4Nl92aWRlb19kYXNoaW5pdC5tcDQVAALIAQAVAhg6cGFzc3Rocm91Z2hfZXZlcnN0b3JlL0dDcFl0aHFzQ2gzQlB0WUZBTTh2ajdyTk5DTk1icV9FQUFBRhUCAsgBACgAGAAbAogHdXNlX29pbAExEnByb2dyZXNzaXZlX3JlY2lwZQExFQAAJobXvdHM894BFQIoAkMzLBdAMmsCDEm6XhgSZGFzaF9iYXNlbGluZV8xX3YxEQB1%2FgcA&ccb=9-4&oh=00_AYCtq_OFhl97bHq5YRcEBox-pbhA-oVWQ-7kwiTza_WQ7g&oe=66AC260A&_nc_sid=1d576d		546	181	1				1718156788	Melissa Kupsch __ Homeopath	@thathomeopath	Homeopathic First Aid Kit	Health & Wellness	
C7QmL97pzTF	https://www.instagram.com/sarah_wildmothering/	C7QmL97pzTF	C7QmL97pzTF	"Homeopathic First Aid Kit __comment link for discount code or visit Bio 
 

 This homeopathic kit is one of my favourite household items as I reach for it sometimes multiple times a week for a fever, a sniffle, an accident and so many other things
 

 When my first born was a few months old a friend introduced me to homeopathy and I was instantly fascinated. I knew I wanted to be well equiped to aid my family in a way that supports their systems (and mine) however I found remedyÕs hard to source and the process challenging of trying to figure out what remedyÕs would be best kept on hand and used in different situations. 
 

 Finding a kit that has been thoughtfully put together including 30 homeopathic remedies to have on hand for a wide variety of scenarios, carry case and a booklet that tells you how to dose and a list of detailed symptoms with remedies best suited. 
 

 All the work is done for you and you get to take charge or your familyÕs health!"	445973909_831185552194344_45504392986643529_n.jpg	2024-05-22 7:39:15	sarah_wildmothering	Sarah __	https://instagram.fgrq1-2.fna.fbcdn.net/v/t51.2885-19/450644137_2128947297462148_6947823359832876497_n.jpg?stp=dst-jpg_s150x150&_nc_ht=instagram.fgrq1-2.fna.fbcdn.net&_nc_cat=104&_nc_ohc=l_TVvoJQtaEQ7kNvgG0D5R6&gid=08d7c04e5b47496b87960cbfc6a93ed3&edm=AFg4Q8wBAAAA&ccb=7-5&oh=00_AYCbSX5gQ_852Mfr9q5z5ofRoMKGDW6yNnZJVuhmrI-95g&oe=66AFEE83&_nc_sid=0b30b7	photo	https://www.instagram.com/p/C7QmL97pzTF	https://instagram.fgrq1-1.fna.fbcdn.net/v/t51.29350-15/445973909_831185552194344_45504392986643529_n.jpg?stp=dst-jpg_e35&efg=eyJ2ZW5jb2RlX3RhZyI6ImltYWdlX3VybGdlbi4xNDQweDE4MDAuc2RyLmYyOTM1MCJ9&_nc_ht=instagram.fgrq1-1.fna.fbcdn.net&_nc_cat=100&_nc_ohc=VAv3SyRmiIYQ7kNvgHS4uqj&edm=AFg4Q8wBAAAA&ccb=7-5&ig_cache_key=MzM3MzM2NDA2MTcxNTk1Mzc0NQ%3D%3D.2-ccb7-5&oh=00_AYA2V0dex3RhjtWYj5mX-tgevFMGTzUcRIsyXrwN0ptoMQ&oe=66AFFD61&_nc_sid=0b30b7	https://instagram.fgrq1-1.fna.fbcdn.net/v/t51.29350-15/445973909_831185552194344_45504392986643529_n.jpg?stp=dst-jpg_e35&efg=eyJ2ZW5jb2RlX3RhZyI6ImltYWdlX3VybGdlbi4xNDQweDE4MDAuc2RyLmYyOTM1MCJ9&_nc_ht=instagram.fgrq1-1.fna.fbcdn.net&_nc_cat=100&_nc_ohc=VAv3SyRmiIYQ7kNvgHS4uqj&edm=AFg4Q8wBAAAA&ccb=7-5&ig_cache_key=MzM3MzM2NDA2MTcxNTk1Mzc0NQ%3D%3D.2-ccb7-5&oh=00_AYA2V0dex3RhjtWYj5mX-tgevFMGTzUcRIsyXrwN0ptoMQ&oe=66AFFD61&_nc_sid=0b30b7		97	5	3				1716356355	Melissa Kupsch __ Homeopath	@thathomeopath	Homeopathic First Aid Kit	Health & Wellness	
C7BiIHxpsZg	https://www.instagram.com/sarah_wildmothering/	C7BiIHxpsZg	C7BiIHxpsZg	"Raising daughters __
 

 I completed sewing all my girls their first of many dresses. This felt momentous so bringing my first love, photography, with my new love of sewing together felt the only right way to capture a moment I want to remember forever. 
 

 My darling girls how blessed I am to call you mine & my amazing husband for capturing us in our dresses ____
 

 My dress is @sondeflor - a beautiful, elegant linen piece that I have already fallen deeply in love with comment link and I will send you the link __
 

 #raisingdaughters #sahm #motherhoodunplugged #motherhoodjourney #motherhoodisdarling #feminine"	444168036_2222132768179581_2931164868010754360_n.jpg	2024-05-16 11:19:02	sarah_wildmothering	Sarah __	https://instagram.fgrq1-2.fna.fbcdn.net/v/t51.2885-19/450644137_2128947297462148_6947823359832876497_n.jpg?stp=dst-jpg_s150x150&_nc_ht=instagram.fgrq1-2.fna.fbcdn.net&_nc_cat=104&_nc_ohc=l_TVvoJQtaEQ7kNvgG0D5R6&gid=08d7c04e5b47496b87960cbfc6a93ed3&edm=AFg4Q8wBAAAA&ccb=7-5&oh=00_AYCbSX5gQ_852Mfr9q5z5ofRoMKGDW6yNnZJVuhmrI-95g&oe=66AFEE83&_nc_sid=0b30b7	video	https://www.instagram.com/p/C7BiIHxpsZg	https://instagram.fgrq1-2.fna.fbcdn.net/v/t51.29350-15/444168036_2222132768179581_2931164868010754360_n.jpg?stp=dst-jpg_e15&efg=eyJ2ZW5jb2RlX3RhZyI6ImltYWdlX3VybGdlbi4xNjMweDI4OTcuc2RyLmYyOTM1MCJ9&_nc_ht=instagram.fgrq1-2.fna.fbcdn.net&_nc_cat=109&_nc_ohc=nv65ne26nMkQ7kNvgGYwwSa&gid=08d7c04e5b47496b87960cbfc6a93ed3&edm=AFg4Q8wBAAAA&ccb=7-5&ig_cache_key=MzM2OTEyNDA4NzkzNjIzOTIwMA%3D%3D.2-ccb7-5&oh=00_AYDsHOIXoyxU3ebradUo4ZzMy5cnTTr4qm1bv0cJjIZptQ&oe=66B00525&_nc_sid=0b30b7	https://scontent.cdninstagram.com/o1/v/t16/f2/m69/An8C9xf97kMBm-ssGEnAah_38912D2eRAfnF5mSC-2UWSJFU-50kaxvUTWoN8DlWlXhlgHhFut12tA_KE8v2xJs.mp4?efg=eyJ2ZW5jb2RlX3RhZyI6Inhwdl9wcm9ncmVzc2l2ZS5JTlNUQUdSQU0uQ0xJUFMuQzMuMTA4MC5kYXNoX2Jhc2VsaW5lXzEwODBwX3YxIn0&_nc_ht=scontent.cdninstagram.com&_nc_cat=106&strext=1&vs=a3e3a3bbfba0fb96&_nc_vs=HBksFQIYOnBhc3N0aHJvdWdoX2V2ZXJzdG9yZS9HQ0ZjNkJOd2hhd3BiRjBEQUFCZHlWRThrTEpLYnBSMUFBQUYVAALIAQAVAhg6cGFzc3Rocm91Z2hfZXZlcnN0b3JlL0dBVy1aeHJMVFF1WmdIc0RBTVRoNDlEOTVKSkVicV9FQUFBRhUCAsgBACgAGAAbAogHdXNlX29pbAExEnByb2dyZXNzaXZlX3JlY2lwZQExFQAAJtbp4pfe%2FpYBFQIoAkMzLBdAIIEGJN0vGxgWZGFzaF9iYXNlbGluZV8xMDgwcF92MREAdf4HAA%3D%3D&ccb=9-4&oh=00_AYCkI98tV9zwD-_QgF4tJIJrYeNRTL1vK7ChfmFwYUEMlw&oe=66AC117A&_nc_sid=1d576d	raisingdaughters,sahm,motherhoodunplugged,motherhoodjourney,motherhoodisdarling,feminine	1402	28	1				1715851142	Son de Flor	@sondeflor	Clothing	Clothing	
C6xfEyopn81	https://www.instagram.com/sarah_wildmothering/	C6xfEyopn81	C6xfEyopn81	"Comment link or find link in bio! Make sure you use SARAHWILD at checkout to receive your discount 
 

 I have been using red light therapy on my face for a year know and absolutely love the results. As someone who has sun damage, fine lines and sensitive skin I have noticed my complexion is brighter, fine lines are reducing, the skin on my cheeks is no longer red and sore to touch. 
 

 Ageing is a beautiful gift and I love that we can support this process naturally __"	442450740_832235188953138_4300191108668231964_n.jpg	2024-05-10 5:42:51	sarah_wildmothering	Sarah __	https://instagram.fgrq1-2.fna.fbcdn.net/v/t51.2885-19/450644137_2128947297462148_6947823359832876497_n.jpg?stp=dst-jpg_s150x150&_nc_ht=instagram.fgrq1-2.fna.fbcdn.net&_nc_cat=104&_nc_ohc=l_TVvoJQtaEQ7kNvgG0D5R6&gid=08d7c04e5b47496b87960cbfc6a93ed3&edm=AFg4Q8wBAAAA&ccb=7-5&oh=00_AYCbSX5gQ_852Mfr9q5z5ofRoMKGDW6yNnZJVuhmrI-95g&oe=66AFEE83&_nc_sid=0b30b7	video	https://www.instagram.com/p/C6xfEyopn81	https://instagram.fgrq1-2.fna.fbcdn.net/v/t51.29350-15/442450740_832235188953138_4300191108668231964_n.jpg?stp=dst-jpg_e15&efg=eyJ2ZW5jb2RlX3RhZyI6ImltYWdlX3VybGdlbi43MjB4MTI4MC5zZHIuZjI5MzUwIn0&_nc_ht=instagram.fgrq1-2.fna.fbcdn.net&_nc_cat=106&_nc_ohc=GzQWLtCkSE0Q7kNvgFoAmm3&edm=AFg4Q8wBAAAA&ccb=7-5&ig_cache_key=MzM2NDYwNzA2NTMxMTMxMzcxNw%3D%3D.2-ccb7-5&oh=00_AYA0wgxbW-jOjG_qmwCswc3hVHzrQFTG_0uEh6bAUOGXzw&oe=66B021CE&_nc_sid=0b30b7	https://scontent.cdninstagram.com/o1/v/t16/f2/m69/An9ZZ2eqeUcYF40E0Gu9AXX9XMCxLRql2-i1WYRmacwWsFbns_dtOys7pne0ILgGDtXkf9_QyG_0evvFJnXa919Y.mp4?efg=eyJ2ZW5jb2RlX3RhZyI6Inhwdl9wcm9ncmVzc2l2ZS5JTlNUQUdSQU0uQ0xJUFMuQzMuMTA4MC5kYXNoX2Jhc2VsaW5lXzEwODBwX3YxIn0&_nc_ht=scontent.cdninstagram.com&_nc_cat=101&strext=1&vs=e132d1fa20133eb5&_nc_vs=HBksFQIYOnBhc3N0aHJvdWdoX2V2ZXJzdG9yZS9HRUk5TUFjYjdOMmNqX3dDQUVLeUNZWjBodVlFYnBSMUFBQUYVAALIAQAVAhg6cGFzc3Rocm91Z2hfZXZlcnN0b3JlL0dMVFhSZ2RwZU82Zk5Mc0ZBSkVCaUROUmdrZFpicFIxQUFBRhUCAsgBACgAGAAbAogHdXNlX29pbAExEnByb2dyZXNzaXZlX3JlY2lwZQExFQAAJszs2f3Oof8GFQIoAkMzLBdAIHS8an752xgWZGFzaF9iYXNlbGluZV8xMDgwcF92MREAdf4HAA%3D%3D&ccb=9-4&oh=00_AYD5dFp9frvC697zX7C-W_ztdqTIVJBvQhRXp7Fm4eKizQ&oe=66AC1B53&_nc_sid=1d576d		1154	264	1				1715312571	BON CHARGE	@boncharge_	Red light therapy	Health & Wellness	
C4MMRsTyrRE	https://www.instagram.com/sarah_wildmothering/	C4MMRsTyrRE	C4MMRsTyrRE	"CLOSED - Thank you so much to everyone who entered! If you didnÕt win and wish to purchase your own kit comment KIT and I will send you the link 
 

  ÒsarahwildÓ used at the checkout will gift you a discount __
 

 RMDY Homeopathic First Aid Kit x 30 remedies 
 - 24 of the most commonly prescribed Fibonacci Homochord remedies, plus 6 of the new signature blends which are a combination of different potencies
 - Neutral toned RMDY carry case, gold zipper
 - Reference booklet"	433807999_960639345677055_2632127253787031057_n.jpg	2024-03-07 0:07:24	sarah_wildmothering	Sarah __	https://instagram.fgrq1-2.fna.fbcdn.net/v/t51.2885-19/450644137_2128947297462148_6947823359832876497_n.jpg?stp=dst-jpg_s150x150&_nc_ht=instagram.fgrq1-2.fna.fbcdn.net&_nc_cat=104&_nc_ohc=l_TVvoJQtaEQ7kNvgG0D5R6&edm=AFg4Q8wBAAAA&ccb=7-5&oh=00_AYALcXNd-cfmWATejnxSktAuvL8FLYn1lsjFIcNPLQGifg&oe=66AFEE83&_nc_sid=0b30b7	video	https://www.instagram.com/p/C4MMRsTyrRE	https://instagram.fgrq1-1.fna.fbcdn.net/v/t51.29350-15/433807999_960639345677055_2632127253787031057_n.jpg?stp=dst-jpg_e15&efg=eyJ2ZW5jb2RlX3RhZyI6ImltYWdlX3VybGdlbi43MjB4MTI4MC5zZHIuZjI5MzUwIn0&_nc_ht=instagram.fgrq1-1.fna.fbcdn.net&_nc_cat=103&_nc_ohc=cW6OZTNcfvEQ7kNvgHs_yHm&edm=AFg4Q8wBAAAA&ccb=7-5&ig_cache_key=MzMxODA4MTAxNzgzMTE0MjQ2ODE2MjkzNjg2ODExNDU5MDg%3D.2-ccb7-5&oh=00_AYCeK1jgLEbu8mLm_o2hHAGQcaFeouj8lghV1ErvjBx40w&oe=66B01499&_nc_sid=0b30b7	https://scontent.cdninstagram.com/o1/v/t16/f1/m82/B840DD1824106924102491D7E3F196B9_video_dashinit.mp4?efg=eyJ2ZW5jb2RlX3RhZyI6Inhwdl9wcm9ncmVzc2l2ZS5JTlNUQUdSQU0uQ0xJUFMuQzMuNzIwLmRhc2hfYmFzZWxpbmVfMV92MSJ9&_nc_ht=scontent.cdninstagram.com&_nc_cat=101&vs=b6774853db1b2d30&_nc_vs=HBksFQIYT2lnX3hwdl9yZWVsc19wZXJtYW5lbnRfcHJvZC9CODQwREQxODI0MTA2OTI0MTAyNDkxRDdFM0YxOTZCOV92aWRlb19kYXNoaW5pdC5tcDQVAALIAQAVAhg6cGFzc3Rocm91Z2hfZXZlcnN0b3JlL0dPWXpxUnJzMEpHbUpMVUdBS2JCUnlRcldhVUNicV9FQUFBRhUCAsgBACgAGAAbAogHdXNlX29pbAExEnByb2dyZXNzaXZlX3JlY2lwZQExFQAAJuKpkLCTragDFQIoAkMzLBdANoVgQYk3TBgSZGFzaF9iYXNlbGluZV8xX3YxEQB1%2FgcA&ccb=9-4&oh=00_AYDHOxp22_GyrNsOTiChbs0zo0U2izZEXjLCu9kimPjUgA&oe=66AC23CC&_nc_sid=1d576d		2889	7397	1				1709766444	Melissa Kupsch __ Homeopath	@thathomeopath	Homeopathic First Aid Kit	Health & Wellness	
C3_8FxLpZV1	https://www.instagram.com/sarah_wildmothering/	C3_8FxLpZV1	C3_8FxLpZV1	"Which scarf style looks cuter vote below
 

  @boot_barn_official #bootbarn"	430892742_742703088010024_4024932865859672533_n.jpg	2024-03-02 5:53:15	sarah_wildmothering	Sarah __	https://instagram.fgrq1-2.fna.fbcdn.net/v/t51.2885-19/450644137_2128947297462148_6947823359832876497_n.jpg?stp=dst-jpg_s150x150&_nc_ht=instagram.fgrq1-2.fna.fbcdn.net&_nc_cat=104&_nc_ohc=l_TVvoJQtaEQ7kNvgG0D5R6&edm=AFg4Q8wBAAAA&ccb=7-5&oh=00_AYALcXNd-cfmWATejnxSktAuvL8FLYn1lsjFIcNPLQGifg&oe=66AFEE83&_nc_sid=0b30b7	video	https://www.instagram.com/p/C3_8FxLpZV1	https://instagram.fgrq1-2.fna.fbcdn.net/v/t51.29350-15/430892742_742703088010024_4024932865859672533_n.jpg?stp=dst-jpg_e15&efg=eyJ2ZW5jb2RlX3RhZyI6ImltYWdlX3VybGdlbi43MjB4MTI4MC5zZHIuZjI5MzUwIn0&_nc_ht=instagram.fgrq1-2.fna.fbcdn.net&_nc_cat=104&_nc_ohc=m9xALMaA3VkQ7kNvgGjTdjb&gid=043e10d86bcc4b1fa5844cbfc681a5dc&edm=AFg4Q8wBAAAA&ccb=7-5&ig_cache_key=MzMxNDYzMjEyOTk2NDc3NDc3Mw%3D%3D.2-ccb7-5&oh=00_AYBmaxhyqJTu3B7gKKCih7DxC16ehcMz2X3Er1vHSu3mFA&oe=66B003A1&_nc_sid=0b30b7	https://scontent.cdninstagram.com/o1/v/t16/f1/m82/A64F4CD2C296683431ECA221DE0AB2BA_video_dashinit.mp4?efg=eyJ2ZW5jb2RlX3RhZyI6Inhwdl9wcm9ncmVzc2l2ZS5JTlNUQUdSQU0uQ0xJUFMuQzMuNzIwLmRhc2hfYmFzZWxpbmVfMV92MSJ9&_nc_ht=scontent.cdninstagram.com&_nc_cat=106&vs=b6e164c7ec16a3cd&_nc_vs=HBksFQIYT2lnX3hwdl9yZWVsc19wZXJtYW5lbnRfcHJvZC9BNjRGNENEMkMyOTY2ODM0MzFFQ0EyMjFERTBBQjJCQV92aWRlb19kYXNoaW5pdC5tcDQVAALIAQAVAhg6cGFzc3Rocm91Z2hfZXZlcnN0b3JlL0dCMFZzUm5WcmhDbGdEOEdBRDh2cWJGT1BLeHNicV9FQUFBRhUCAsgBACgAGAAbAogHdXNlX29pbAExEnByb2dyZXNzaXZlX3JlY2lwZQExFQAAJt7k5s2VtMQJFQIoAkMzLBdAMsVgQYk3TBgSZGFzaF9iYXNlbGluZV8xX3YxEQB1%2FgcA&ccb=9-4&oh=00_AYBL3pRRHbmRryyC6Otiu13Ba1poJTaYArZoWKkMxjwNPg&oe=66AC154A&_nc_sid=1d576d	bootbarn	941	22	1				1709355195	Boot Barn	@boot_barn_official	Clothing, shoes and hat	Clothing, Accessories	